TIME_PERIOD,excess_reserves,short_rate,govt_yield_10y,ltd_ratio_calc
2004-09-01,139325.07142857142,1.9668181818181814,4.056385965909928,112.47630253713199
2004-10-01,139285.20588235295,2.026428571428571,3.946551962453719,112.24453054085768
2004-11-01,138433.82142857142,1.9999999999999991,3.8406297935587848,112.34223750905332
2004-12-01,138545.0,1.9684782608695648,3.629215855510724,111.64568038452913
2005-01-01,139123.11904761905,1.9921428571428565,3.561361357733862,111.89995005859727
2005-02-01,140019.1,1.9735,3.5294320383515965,111.7465522354397
2005-03-01,141349.62068965516,1.9716666666666662,3.6841359525710553,111.9883063267331
2005-04-01,143282.88571428572,1.990714285714286,3.5097859822118624,111.72822235563493
2005-05-01,144020.89285714287,1.9849999999999999,3.3693743482075322,112.0510834123928
2005-06-01,145455.7857142857,1.977272727272727,3.211288144524447,111.81717542502561
2005-07-01,147891.6857142857,1.987857142857142,3.2502415556917534,111.96309996004095
2005-08-01,149791.32142857142,1.9758695652173905,3.263825950687839,112.55658020478911
2005-09-01,150246.2857142857,2.009090909090909,3.107530591324485,112.74175669618344
2005-10-01,151429.08571428573,1.9821428571428563,3.2571092325424607,112.64885305855881
2005-11-01,150243.2857142857,2.0009090909090905,3.468369687517416,112.87142903833183
2005-12-01,152996.55555555556,2.190714285714286,3.3710738474506003,111.81631151413261
2006-01-01,154056.7906976744,2.2413636363636362,3.3440950114668766,112.65191692766341
2006-02-01,155358.38095238095,2.2645,3.485953723341852,112.91448009695794
2006-03-01,158289.92857142858,2.4349999999999987,3.6595532857321333,112.65923718629361
2006-04-01,159493.37142857144,2.543333333333333,3.9286591913465623,112.4775281419182
2006-05-01,161179.75,2.4918181818181826,3.97503947644713,112.75616485282569
2006-06-01,163316.61111111112,2.6127272727272732,3.9865057302946014,112.42958717380085
2006-07-01,166321.55555555556,2.728809523809523,4.012376129683988,112.94983445922773
2006-08-01,167089.07142857142,2.883260869565217,3.912650148624689,113.2346505662869
2006-09-01,166399.25,2.9559523809523807,3.7818506399563745,113.09990830169001
2006-10-01,166973.82857142857,3.193181818181818,3.7629710640977567,113.4663954211443
2006-11-01,167013.57142857142,3.2427272727272722,3.7438802321042854,113.12177674901567
2006-12-01,173159.82857142857,3.416052631578948,3.80819107122679,112.09138053697029
2007-01-01,175264.3142857143,3.4781818181818176,4.032608115528745,113.00529180499733
2007-02-01,176544.10714285713,3.4845,4.038747588871171,113.0865616483606
2007-03-01,180569.10714285716,3.605909090909091,3.95840135179709,112.46519456115922
2007-04-01,182633.6,3.734473684210526,4.154572831917767,112.7775756299016
2007-05-01,183241.11111111112,3.7054545454545442,4.282959133155821,112.32833991417466
2007-06-01,186249.0344827586,3.870714285714286,4.5560962726441705,112.12554276965567
2007-07-01,189580.89285714287,3.9781818181818176,4.533900459050073,112.68507193314792
2007-08-01,192002.82142857145,3.9623913043478254,4.373882359236604,113.26127631904484
2007-09-01,192715.2857142857,3.943550000000001,4.331620227772666,113.04753722196178
2007-10-01,193378.82142857145,3.856434782608696,4.353557792355867,112.6989339225052
2007-11-01,194365.9714285714,3.9371363636363643,4.214320314871943,112.37314135215746
2007-12-01,196839.5357142857,3.7940526315789462,4.331526430658282,111.57023955024164
2008-01-01,200851.4,3.9368181818181824,4.163554848431886,112.21906337141571
2008-02-01,202379.07142857145,3.942857142857143,4.10437507640586,112.25221152990477
2008-03-01,205250.75,4.006,4.092839258246678,112.1274061644525
2008-04-01,207541.85714285716,3.9018181818181823,4.280636840738494,111.97583778588056
2008-05-01,208640.39285714287,3.924666666666667,4.414739932827404,111.80174582501341
2008-06-01,208082.2142857143,3.9217142857142857,4.760577974805098,111.83141363622428
2008-07-01,212666.89285714287,4.105826086956522,4.729113274162798,112.22827815740133
2008-08-01,214769.8,4.213904761904762,4.465374300260085,111.92464054615525
2008-09-01,214006.60714285716,4.188318181818182,4.451338290139668,111.06245795019369
2008-10-01,216756.2142857143,3.734782608695653,4.333795037427207,108.88322534226809
2008-11-01,218556.85714285716,3.065199999999999,4.148757749204767,108.55896409129949
2008-12-01,218682.17857142855,2.4014285714285717,3.865518097025273,107.84583836741446
2009-01-01,221501.07142857145,1.7272380952380957,3.995832800642021,108.36983846436021
2009-02-01,222052.14285714287,1.1721000000000001,4.005769252205706,108.26968597848285
2009-03-01,218596.39285714287,0.9769545454545456,3.973358006801923,107.9135688787807
2009-04-01,221558.60714285716,0.7569000000000001,3.9861538425904897,107.7076697952928
2009-05-01,220803.42857142855,0.6970999999999999,4.039335700713392,107.87803250953654
2009-06-01,217871.2857142857,0.6130454545454546,4.175782589010164,107.59341394866004
2009-07-01,219211.75,0.2725652173913043,3.9632663428113095,108.09439560412886
2009-08-01,216894.11428571428,0.2624761904761905,3.7848922542460324,108.16518824484874
2009-09-01,216885.17857142855,0.2781818181818181,3.771272424193994,108.0736213490151
2009-10-01,214722.05714285717,0.2736818181818182,3.7383908693207464,107.9948842047658
2009-11-01,212774.07142857145,0.2773809523809523,3.7151943786415504,108.018583289123
2009-12-01,211438.92592592596,0.269590909090909,3.6652985784811847,107.48460961865527
2010-01-01,211249.62790697676,0.25899999999999995,3.725306927928395,107.62977771953143
2010-02-01,210911.61904761905,0.2556,3.713880601933056,107.5672633588492
2010-03-01,211839.32142857145,0.26265217391304346,3.6559634844577262,108.06716913761537
2010-04-01,212526.9428571429,0.26825,3.6420551493141864,107.86114339385362
2010-05-01,212400.2142857143,0.25890476190476186,3.5510197844813867,107.75843204831736
2010-06-01,212518.37142857144,0.2692727272727273,3.6681980213359,107.41834706890492
2010-07-01,214376.82142857145,0.39613636363636356,3.60085675262098,107.59915443994952
2010-08-01,215707.7857142857,0.34059090909090906,3.361445882821283,107.61797958764778
2010-09-01,215283.75,0.3685909090909091,3.394913425623481,107.75956292494328
2010-10-01,213135.45714285717,0.6162857142857143,3.3353551286576906,107.58441969543429
2010-11-01,215215.60714285716,0.5076363636363637,3.5882883152395113,107.9448654620019
2010-12-01,212500.17857142855,0.4131304347826087,3.924156167159325,107.55623201466275
2011-01-01,212365.9523809524,0.5739523809523811,4.0247331388248355,107.99912230875593
2011-02-01,213570.09523809524,0.6221,4.1087283714100495,107.93543683128858
2011-03-01,212916.89285714287,0.5736956521739129,4.13342734623931,108.05926354227806
2011-04-01,210462.0,0.8811052631578948,4.239662093194838,107.68568081448693
2011-05-01,209474.07142857145,0.9483636363636361,4.150036943784551,107.93001266735074
2011-06-01,208965.77142857143,1.0390454545454546,4.0909510802751905,107.5053546462587
2011-07-01,210874.14285714287,0.926809523809524,4.247365223299878,107.6577068503266
2011-08-01,211451.9642857143,0.820782608695652,3.979333429662475,107.7981869731792
2011-09-01,209493.25714285715,0.9204545454545454,3.8890502314871864,107.74343714075607
2011-10-01,208675.42857142855,0.8745714285714289,4.066567787094725,107.7456438690913
2011-11-01,208931.92857142855,0.7049999999999998,4.5461269684662895,107.95614225273627
2011-12-01,212216.57142857145,0.5420476190476191,4.2935051150202534,106.73901569377058
2012-01-01,212314.9428571429,0.29504545454545456,4.131684488227283,106.8874681719412
2012-02-01,108057.57142857143,0.28061904761904766,3.7345084231732977,106.26591656144487
2012-03-01,108862.82142857143,0.2717272727272727,3.599695623396705,106.38254779028149
2012-04-01,109647.17857142857,0.2601052631578947,3.7321039136858083,106.47953095456025
2012-05-01,110490.0,0.252,3.6317361181533965,106.16194937126428
2012-06-01,110787.57142857143,0.24704761904761907,3.72862574108332,105.79376665166502
2012-07-01,111525.75,0.0992272727272727,3.6165519167064186,106.14059366059696
2012-08-01,510228.6428571429,0.02508695652173909,3.482189200113508,106.1153906834109
2012-09-01,540017.8,0.014299999999999993,3.3930482642467092,105.91634164581198
2012-10-01,538114.3571428572,0.005695652173912991,3.186704355295704,105.93788909455158
2012-11-01,529154.4285714285,-0.006500000000000006,3.0896602887713174,105.40714210957043
2012-12-01,509877.6071428572,-0.011578947368421105,2.9600227967314834,104.61942226110592
2013-01-01,488997.9142857143,-0.016,2.9697876893979807,104.75058533519802
2013-02-01,466298.1071428572,-0.017350000000000004,3.031061750070403,104.50763941294645
2013-03-01,403018.5,-0.01805000000000001,2.9928835432143517,103.88934688053124
2013-04-01,346012.14285714284,-0.004000000000000101,2.7908620846471743,103.7885125047938
2013-05-01,322217.3214285714,-0.006272727272727305,2.6811007582353708,103.10686117499668
2013-06-01,300343.2571428571,0.0011499999999999982,3.0157382481120103,102.70067484970606
2013-07-01,286482.28571428574,0.008130434782608692,2.9707857701370686,102.8143198482264
2013-08-01,269610.53571428574,-0.0030000000000000027,2.9973789320757804,102.6016086036698
2013-09-01,274538.65714285715,-0.004666666666666708,3.0183375897107014,102.67420607152273
2013-10-01,268426.0,0.0083478260869565,2.8539012969281763,102.53253704883087
2013-11-01,244866.9714285714,0.018095238095238095,2.742138586255706,102.22333845773426
2013-12-01,220244.07142857145,0.08364999999999999,2.8344129885447304,102.03645664874048
2014-01-01,248080.22857142857,0.11109090909090909,2.7403879615104425,102.20163008227563
2014-02-01,216033.67857142855,0.07169999999999989,2.559059573073336,101.79283977389734
2014-03-01,201109.07142857145,0.1068571428571428,2.4660280796373475,101.78088682062855
2014-04-01,195215.5,0.16885,2.3882888777535696,101.91143492010161
2014-05-01,191237.77142857143,0.163047619047619,2.2457881969562963,101.21514719062932
2014-06-01,192257.82142857145,-0.009238095238095309,2.091775121018689,101.06369028327948
2014-07-01,214269.39285714287,-0.04173913043478271,1.956499054453585,101.03236802302278
2014-08-01,210230.0,-0.06709523809523811,1.7706116540930057,100.72169099881711
2014-09-01,210106.64285714287,-0.07840909090909101,1.6604136981636979,101.04363697846495
2014-10-01,192640.4642857143,-0.0894782608695652,1.6167087231749298,100.94571773008695
2014-11-01,188272.3142857143,-0.09655000000000001,1.5084453174510917,100.44178184494284
2014-12-01,185443.82142857145,-0.1151428571428571,1.2924045961830744,100.47369743540331
2015-01-01,236253.76866530607,-0.1356190476190476,1.0481999753431266,100.1937997701339
2015-02-01,236253.76866530607,-0.121,0.9538841137836351,100.36510086132304
2015-03-01,225345.38095238092,-0.1353636363636363,0.7815081763176689,100.3714351254331
2015-04-01,261843.97619047615,-0.15949999999999992,0.767811513055835,100.73504073617269
2015-05-01,261843.97619047615,-0.19075,1.2302308976057215,100.46686961508138
2015-06-01,303396.44897959183,-0.20350000000000001,1.5954310646345724,100.76521665290441
2015-07-01,381355.2619047619,-0.202695652173913,1.487455448643609,100.94499963924095
2015-08-01,381355.2619047619,-0.2062857142857142,1.3493759077813678,101.07026331414437
2015-09-01,428397.1632653061,-0.2206818181818181,1.3633722551561915,101.02048060162174
2015-10-01,465325.2244897959,-0.2239090909090909,1.1800902697419369,101.13241814938286
2015-11-01,465325.2244897959,-0.21966666666666662,1.1332169585363527,101.55663716182404
2015-12-01,493811.8571428572,-0.2839545454545454,1.15554018552162,101.40620874786181
2016-01-01,557104.4897959183,-0.32369999999999993,1.1121476249425375,101.45450747868891
2016-02-01,557104.4897959183,-0.3253809523809524,0.9499872536425112,101.70439572572067
2016-03-01,556540.4489795918,-0.3727142857142856,0.855277279395548,101.66932689112333
2016-04-01,569991.881,-0.4228095238095238,0.8316279941400497,102.04219191095088
2016-05-01,569991.881,-0.42299999999999993,0.8431679588795629,102.23836067658925
2016-06-01,623754.4761904762,-0.4175454545454546,0.7110489143630457,102.00567757758938
2016-07-01,657453.3061,-0.4137619047619047,0.500648008905303,102.63019778486981
2016-08-01,657453.3061,-0.4238260869565218,0.4434868771762475,103.04790989136006
2016-09-01,748812.2857142857,-0.42799999999999994,0.4922736019410301,103.37100373801502
2016-10-01,777402.5238095238,-0.4316190476190476,0.5916376485262865,103.82211002463097
2016-11-01,777402.5238095238,-0.43372727272727274,0.928285543434792,104.1009728168217
2016-12-01,823877.4693877551,-0.43542857142857133,0.9732564962577959,103.38013503749512
2017-01-01,919030.6904761904,-0.4365454545454545,1.0527407350983355,103.83921632662336
2017-02-01,919030.6904761904,-0.43785,1.182886924226399,104.17767134716651
2017-03-01,960892.6122,-0.4384782608695652,1.2224510009136478,103.84498381381519
2017-04-01,960892.6122,-0.44188888888888883,1.0967574443320176,104.04888892598987
2017-05-01,1081113.1224489796,-0.4438636363636364,1.0786121687878187,104.34724283629919
2017-06-01,1178718.5476190476,-0.44368181818181823,0.9917861431049414,104.07105421126303
2017-07-01,1169177.5476190476,-0.4444761904761904,1.1558580248022605,104.40270887990314
2017-08-01,1169177.5476190476,-0.44082608695652165,1.063289865396919,104.41105822931488
2017-09-01,1242739.7142857143,-0.4431428571428571,1.0936349111243602,104.47584097102691
2017-10-01,1253271.163265306,-0.444,1.125479790808662,105.42654168004762
2017-11-01,1253271.163265306,-0.4341818181818181,1.0062470567952877,105.69133865615876
2017-12-01,1309687.081632653,-0.42726315789473673,0.9864677433975658,104.38321282232639
2018-01-01,1275156.0952380951,-0.4473636363636363,1.1339463225798445,105.86966593787623
2018-02-01,1275156.0952380951,-0.44970000000000004,1.2429409199497528,105.64922137658648
2018-03-01,1315625.0476190476,-0.4489047619047619,1.1087031863618835,104.86234368313406
2018-04-01,1315625.0476190476,-0.4507000000000001,1.0403738205608097,105.64236058506778
2018-05-01,1295302.2,-0.4474999999999999,1.1114098020842573,105.38090663205378
2018-06-01,1353949.8333333333,-0.4467619047619047,1.060371417875965,104.29923222901749
2018-07-01,1306664.2857142857,-0.44859090909090904,0.9841456426669722,104.97804152164298
2018-08-01,1306664.2857142857,-0.4441304347826086,1.1309296667453475,105.02525395558713
2018-09-01,1348675.918367347,-0.44769999999999993,1.1848428104704967,104.7409930144072
2018-10-01,1368985.761904762,-0.45104347826086955,1.3112090926568212,105.3592962805126
2018-11-01,1368985.761904762,-0.44631818181818184,1.266196615502132,104.98771374776594
2018-12-01,1379364.306122449,-0.44547368421052624,1.1346984143551442,103.92578285152243
2019-01-01,1332130.8333333333,-0.452,1.026799820844401,104.66733211089615
2019-02-01,1332130.8333333333,-0.45205,0.8964365361354473,104.38846971472104
2019-03-01,1364822.1904761903,-0.4528571428571429,0.7990183173111254,103.67944860984508
2019-04-01,1379024.9142857145,-0.4519999999999999,0.7147165394954971,103.93009745420629
2019-05-01,1379024.9142857145,-0.4515909090909091,0.6095680742193855,103.55228629747522
2019-06-01,1404625.5714285714,-0.4465500000000001,0.30766533624707076,102.8037287714098
2019-07-01,1335709.469387755,-0.4518260869565217,0.15753936321618833,103.13390857389744
2019-08-01,1335709.469387755,-0.4462272727272727,-0.10030140055468778,102.84858273710158
2019-09-01,1331532.7142857143,-0.4882380952380953,-0.012644842545323463,102.58532840574217
2019-10-01,1388477.7142857143,-0.5492173913043479,0.061648588287566905,102.907179736989
2019-11-01,1388477.7142857143,-0.5362857142857143,0.173652851634387,102.71147486739729
2019-12-01,1662131.8775510204,-0.5412000000000001,0.23713514530674898,102.39919440621428
2020-01-01,1623712.5,-0.5376818181818183,0.18305422480600403,103.21837873487152
2020-02-01,1623712.5,-0.5383,0.015126304517253988,102.61222624144541
2020-03-01,1642347.4897959183,-0.5338181818181819,0.2668565047763515,101.37398829284483
2020-04-01,1642347.4897959183,-0.53655,0.5214416257056576,101.23699714294989
2020-05-01,1820198.224489796,-0.5417500000000001,0.3714218309997231,100.89250169115283
2020-06-01,1966527.2,-0.5457272727272727,0.15666113382271918,100.93079224111787
2020-07-01,2345877.976190476,-0.5498695652173913,0.014696714382233996,101.35415915276333
2020-08-01,2345877.976190476,-0.5527142857142857,-0.027876264649733945,101.33966758931791
2020-09-01,2625679.446428572,-0.5539545454545455,-0.044812879010598924,101.17736580797163
2020-10-01,2625679.446428572,-0.5543636363636364,-0.11055138266444181,101.7184418026847
2020-11-01,2797019.0,-0.5563333333333335,-0.16021947914554555,102.07850795767241
2020-12-01,2960730.619047619,-0.5574545454545455,-0.19703830476799036,101.33312457714479
2021-01-01,3029375.595238095,-0.56335,-0.1797872783361427,101.98525581229268
2021-02-01,3029375.595238095,-0.56375,-0.012627426207895096,102.02424489987156
2021-03-01,3157713.8775510206,-0.5643478260869565,0.07588958746721755,102.03383620026119
2021-04-01,3421061.1904761903,-0.5658,0.12534738527822464,102.58734888699817
2021-05-01,3421061.1904761903,-0.5647142857142856,0.26844468370673064,102.45945522545796
2021-06-01,3591663.612244898,-0.564590909090909,0.2086435436753656,102.20626203449692
2021-07-01,3653108.261904762,-0.5662272727272727,0.06262459886018101,102.29082363463313
2021-08-01,3653108.261904762,-0.5679090909090909,-0.04713877540878631,102.48178030625394
2021-09-01,3726184.9795918367,-0.5700454545454545,0.08299323126439243,102.61348406706131
2021-10-01,3726184.9795918367,-0.5705714285714285,0.2283977197641162,102.91652873892762
2021-11-01,3806501.9591836734,-0.573,0.22221338806821433,103.1753686625706
2021-12-01,3843315.836734694,-0.5772173913043478,0.1787259401384713,101.81016507924474
2022-01-01,3843315.836734694,-0.5778571428571428,0.3832687043618597,103.06427104140943
2022-02-01,3812327.7551020407,-0.5765499999999999,0.7837230813897433,103.10555543181398
2022-03-01,3900772.371428572,-0.5786956521739129,0.9367096611560031,102.88557033289361
2022-04-01,3927312.285714286,-0.5836842105263158,1.4104015198147248,103.4134442258334
2022-05-01,3927312.285714286,-0.5849545454545454,1.7166917333263376,103.45822226866386
2022-06-01,4046093.035714286,-0.5819545454545454,2.2738974855955383,103.30210117772647
2022-07-01,3943319.047619048,-0.5106190476190475,1.9690819776852144,103.16669728019605
2022-08-01,3943319.047619048,-0.08478260869565217,1.8726699364707442,103.2988444104572
2022-09-01,3936094.0,0.3553181818181818,2.6302756010466264,104.11309023515949
2022-10-01,3936094.0,0.656,3.0726286892402315,104.45873839181561
2022-11-01,331995.9591836735,1.3679545454545454,2.9080437933456404,104.56550963896704
2022-12-01,213771.4897959184,1.5683809523809524,2.919595673635491,104.36686994770908
2023-01-01,213771.4897959184,1.9019090909090908,2.9773480202887885,105.65872270028018
2023-02-01,195602.42857142855,2.2745,3.1518099416068894,105.95921378261848
2023-03-01,191065.8333333333,2.5721304347826086,3.1796453755176484,105.65657056573741
2023-04-01,191065.8333333333,2.8998333333333335,3.1738826731398073,105.9912947669281
2023-05-01,182741.90832040817,3.0796363636363635,3.173972673570802,106.40212744069527
2023-06-01,181610.57581666665,3.2380454545454542,3.1604797686954544,106.23925217195152
2023-07-01,181610.57581666665,3.402190476190476,3.2419829490809526,106.69583153177634
2023-08-01,177429.15345238094,3.6418695652173914,3.321939262573913,106.65965222289763
2023-09-01,174322.16077959185,3.7466190476190477,3.465307798804762,106.33727953583812
2023-10-01,174559.5582952381,3.900727272727273,3.6832108179954544,106.72811326932252
2023-11-01,174559.5582952381,3.9017272727272725,3.3824588424454545,106.50934353121428
2023-12-01,171991.36667959185,3.9015263157894737,2.862926882831579,105.975973598636
2024-01-01,170457.10963571427,3.9040000000000004,2.931057901759091,106.41472408320315
2024-02-01,170457.10963571427,3.907142857142857,3.0234484449333334,106.17505066527058
2024-03-01,168590.12412857145,3.9066,2.966183415885,105.82872933332474
2024-04-01,168361.5906771429,3.9077142857142855,3.0717678531380948,105.8138680767434
2024-05-01,168361.5906771429,3.906863636363636,3.1051512116954543,105.38764544439712
2024-06-01,166682.09731071428,3.7494500000000004,3.14178145667,104.99657005868741
2024-07-01,168118.62168333336,3.6626086956521737,3.0663582042565216,105.11157333529565
2024-08-01,168118.62168333336,3.663409090909091,2.930824615922727,104.61763972535411
2024-09-01,169322.00195535715,3.556523809523809,2.875353411247619,104.60921660301352
2024-10-01,169045.1846142857,3.337521739130435,2.8924412365391303,104.3810679743245
2024-11-01,169045.1846142857,3.1644285714285716,2.9406187829809523,103.95066577645062
2024-12-01,168136.33289107142,3.06415,2.7943984798000003,103.73207186346033
2025-01-01,168136.33289107142,2.919454545454545,3.0809863873590904,103.93558963572846
2025-02-01,170820.89703265307,2.69065,2.96420486492,103.43181179655143
2025-03-01,172388.28214857145,2.4988571428571427,3.2681385692190474,103.35936012266751
2025-04-01,171648.82841904764,2.3411,3.11308984456,102.8489384729902
2025-05-01,171648.82841904764,2.169095238095238,3.101020090080952,102.46449497975772
2025-06-01,172713.14183061224,2.0068571428571427,3.0681422749523812,102.67906415423609
2025-07-01,172062.5214653061,1.922304347826087,3.144174955526087,102.56840919979695
2025-08-01,172062.5214653061,1.924,3.1722572981047614,102.4711877411264
2025-09-01,173135.40389387755,1.9245454545454548,3.1888058313181817,102.11369518748954
2025-10-01,173135.40389387755,1.9268260869565217,3.1015785905086957,101.94360427093889
2025-11-01,174505.26158367345,1.92895,3.120215533115,101.48399951498024
2025-12-01,173060.01101666666,1.9294761904761903,3.236495635214286,101.4037799582951
2026-01-01,173060.01101666666,1.9319523809523809,3.2100383511,101.06755295188377
2026-02-01,175536.08966551,1.9312,3.1200214187900004,100.90242970964528
2026-03-01,176316.23387238,1.932090909090909,3.3372514295545455,100.86002205430722
2026-04-01,176316.23387238,1.9316,3.418978239485,101.03003350394033
2026-05-01,178469.96140851,1.93065,3.4204150360249996,100.40026377459597
2026-06-01,178523.33238953,2.0448636363636363,3.342877596504545,100.28470968961514
2026-07-01,328367.06390489,2.1837826086956524,3.481014284369565,100.61056750105675
